{
  "w_final": [
    1.0,
    1.4311287252526532,
    1.3926623786123176
  ],
  "per_fold_weights": [
    [
      1.0,
      1.4294224533281827,
      1.3929419156124712
    ],
    [
      1.0,
      1.3178216171264647,
      1.3178973077472889
    ],
    [
      1.0,
      1.3827683874494148,
      1.4670491783869894
    ],
    [
      1.0,
      1.442577546772204,
      1.156789325914885
    ],
    [
      1.0,
      1.4374384508634865,
      1.1806453664679277
    ]
  ],
  "label_order": [
    "GALAXY",
    "QSO",
    "STAR"
  ],
  "note": "w_final: tuned on full OOF, apply to test probs. per_fold_weights[k]: tuned on folds != k."
}